title,category_name,report_id,description,table_of_contents,number_of_pages,publish_date,url,signle_user_license,multi_user_license,corporate_user_license,currency,status
Global Auto Labeler (Print & Apply System) Market Research Report 2018,electric,12346,"his report studies the global Auto Labeler (Print & Apply System) market status and forecast, categorizes the global Auto Labeler (Print & Apply System) market size (value & volume) by manufacturers, type, application, and region. This report focuses on the top manufacturers in North America, Europe, Japan, China, and other regions (India, Southeast Asia, Central & South America, and Middle East & Africa).

The global Auto Labeler (Print & Apply System) market is valued at xx million US$ in 2017 and is expected to reach xx million US$ by the end of 2025, growing at a CAGR of xx.x % between 2018 and 2025.

The major manufacturers covered in this report
Markem-Imaje
Videojet
Domino
Weber Packaging Solutions
Pro Mach
Label-Aire
Matthews
Diagraph
Quadrel Labeling Systems
ALTech
Panther Industries
EPI Labelers
Cotao
XRH
Jiaojiaozhe","Table of Contents

Global Auto Labeler (Print & Apply System) Market Research Report 2018
1 Auto Labeler (Print & Apply System) Market Overview
1.1 Product Overview and Scope of Auto Labeler (Print & Apply System)
1.2 Auto Labeler (Print & Apply System) Segment by Type (Product Category)
1.2.1 Global Auto Labeler (Print & Apply System) Production and CAGR (%) Comparison by Type (Product Category)(2013-2025)
1.2.2 Global Auto Labeler (Print & Apply System) Production Market Share by Type (Product Category) in 2017
1.2.3 Below 30 Labels/Min
1.2.4 30-50 Labels/Min
1.2.5 Above 50 Labels/Min
1.3 Global Auto Labeler (Print & Apply System) Segment by Application
1.3.1 Auto Labeler (Print & Apply System) Consumption (Sales) Comparison by Application (2013-2025)
1.3.2 Food and Beverage
1.3.3 Pharma
1.3.4 Electronics
1.3.5 Others
1.4 Global Auto Labe",100,25-12-1988,xyz.com,100,300,500,$,publish
